,case_number,prompt
,0,"A majestic white Pegasus flying through a sunset sky, fantasy art"
,1,"A Pegasus with glowing wings soaring above a mountain range, digital painting"
,2,"A golden-armored Pegasus in battle, epic fantasy style"
,3,"A baby Pegasus playing in a field of flowers, watercolor illustration"
,4,"A Pegasus with rainbow wings flying over a crystal lake, magical realism"
,5,"A cyberpunk-style robotic Pegasus in a futuristic city, neon lights"
,6,"A realistic Pegasus flying above the clouds during sunrise, photorealistic"
,7,"A Pegasus statue in an ancient Greek temple, 3D render"
,8,"A Pegasus with ethereal wings emerging from a portal, high fantasy concept art"
